[
      {
        "title": "Google Earth Game",
        "description": "A Google Earth Game using React, JSON and MaterializeCSS.",
        "description2": "Wanted to do something related to aerial photos with interaction.",
        "thanksto": "Thanks Stackoverflow, Discordapp, Spectrum an Slack communities for always helping.",
        "icon": "ri-game-line",
        "monster": "https://www.fernandocomet.com/img/monsters/monster1.svg",
        "pic": "https://www.fernandocomet.com/img/cardsjpg/earth.jpg",
        "unsplash": "https://source.unsplash.com/1600x900/?earth",
        "url": "https://googleearthquiz.netlify.app/",
        "imagedesktop": "https://www.fernandocomet.com/img/desktopjpg/googleearthgame.jpg",
        "imagemobile": "https://www.fernandocomet.com/img/mobile/googleearthgame.png",
        "category": "programming",
        "id": "1"
      },
      {
        "title": "Froggyfer",
        "description": "A Canvas OOP Javascript game.",
        "description2": "A retrospective of the legendary arcade game of the 80s developed by Sega.",
        "thanksto": "Thanks to Fran Naranjo for his patience, dedication and support.",
        "icon": "fas fa-frog",
        "monster": "https://www.fernandocomet.com/img/monsters/monster2.svg",
        "pic": "https://www.fernandocomet.com/img/cardsjpg/frog.jpg",
        "unsplash": "https://source.unsplash.com/1600x900/?frog",
        "url": "https://github.com/fernandocomet/froggyfer",
        "imagedesktop": "https://www.fernandocomet.com/img/desktopjpg/froggyfer.jpg",
        "imagemobile": "https://www.fernandocomet.com/img/mobile/froggyfer.png",
        "category": "programming",
        "id": "2"
      },
      {
        "title": "Runeando",
        "description": "A web App to share running routes in the city.",
        "description2": "We made a team of runners and ended up with a runner web app.",
        "thanksto": "Thanks to Alvaro Monasterio, working with you is easy and inspirational.",
        "icon": "fas fa-running",
        "monster": "https://www.fernandocomet.com/img/monsters/monster3.svg",
        "pic": "https://www.fernandocomet.com/img/cardsjpg/runner.jpg",
        "unsplash": "https://source.unsplash.com/1600x900/?runner",
        "url": "https://github.com/runeando/runeando",
        "imagedesktop": "https://www.fernandocomet.com/img/desktopjpg/runeando.jpg",
        "imagemobile": "https://www.fernandocomet.com/img/mobile/runeando.png",
        "category": "programming",
        "id": "3"
      },   
      {
        "title": "Cerebriti App Case Study",
        "description": "Working as a UX Designer making an educational Tablet App.",
        "description2": "A challenge into the complicated world of education.",
        "thanksto": "Thanks Mist & Joseba, see you on travel!",
        "icon": "fas fa-book-open",
        "monster": "https://www.fernandocomet.com/img/monsters/monster5.svg",
        "pic": "https://www.fernandocomet.com/img/cardsjpg/education.jpg",
        "unsplash": "https://source.unsplash.com/1600x900/?education",
        "url": "https://medium.com/@fernandocomet/cerebriti-app-case-study-b352071eccf5",
        "imagedesktop": "https://www.fernandocomet.com/img/desktopjpg/cerebriti.jpg",
        "imagemobile": "https://www.fernandocomet.com/img/mobile/cerebriti.png",
        "category": "uxdesigner",
        "id": "5"
      },   
      {
        "title": "Runway App for runners",
        "description": "A whole UX Research for a runners´ App.",
        "description2": "I really like doing this type of work.",
        "thanksto": "Thanks to mentors Oscar Sántos-Pérez and Samuel Hermoso from Elastic Heads.",
        "icon": "fas fa-shoe-prints",
        "monster": "https://www.fernandocomet.com/img/monsters/monster6.svg",
        "pic": "https://www.fernandocomet.com/img/cardsjpg/running.jpg",
        "unsplash": "https://source.unsplash.com/1600x900/?running",
        "url": "https://blog.prototypr.io/runway-ux-case-study-d855fb049192",
        "imagedesktop": "https://www.fernandocomet.com/img/desktopjpg/runway.jpg",
        "imagemobile": "https://www.fernandocomet.com/img/mobile/runway.png",
        "category": "uxdesigner",
        "id": "6"
      },  
      {
        "title": "Clandestinos, web app for beer distributors",
        "description": "A Craft Beer UX Case Study.",
        "description2": "Best research ever at bars and pubs!",
        "thanksto": "Thanks Kevin Glidden for introducing me in the magnificent world of Craft Beer.",
        "icon": "fas fa-beer",
        "monster": "https://www.fernandocomet.com/img/monsters/monster7.svg",
        "pic": "https://www.fernandocomet.com/img/cardsjpg/beer.jpg",
        "unsplash": "https://source.unsplash.com/1600x900/?beer",
        "url": "https://blog.prototypr.io/craft-beer-ux-case-study-b65081ff13a4",
        "imagedesktop": "https://www.fernandocomet.com/img/desktopjpg/clandestinos.jpg",
        "imagemobile": "https://www.fernandocomet.com/img/mobile/clandestinos.png",
        "category": "uxdesigner",
        "id": "7"
      },  
      {
        "title": "Running Apps UX Research",
        "description": "This is a UX Research I made about Running Apps.",
        "description2": "So I downloaded about 20 running Apps and tried all of them.", 
        "thanksto": "Thanks to boys from Strava, Runkeeper, NRC and MapMyRun.",
        "icon": "fas fa-university",
        "monster": "https://www.fernandocomet.com/img/monsters/monster8.svg",
        "pic": "https://www.fernandocomet.com/img/cardsjpg/research.jpg",
        "unsplash": "https://source.unsplash.com/1600x900/?research",
        "url": "https://medium.com/@fernandocomet/running-apps-ux-research-7e07e41f556c",
        "imagedesktop": "https://www.fernandocomet.com/img/desktopjpg/uxbenchmark.jpg",
        "imagemobile": "https://www.fernandocomet.com/img/mobile/uxbenchmark.png",
        "category": "uxdesigner",
        "id": "8"
      },  
      {
        "title": "UX Canvas Compilation",
        "description": "A collection of best UX Canvas boards to use in your own projects.",
        "description2": "The goal is knowing which one to use and when.",
        "thanksto": "Thanks to Miro App, really like your templates.",
        "icon": "fab fa-studiovinari",
        "monster": "https://www.fernandocomet.com/img/monsters/monster9.svg",
        "pic": "https://www.fernandocomet.com/img/cardsjpg/ux.jpg",
        "unsplash": "https://source.unsplash.com/1600x900/?ux",
        "url": "https://medium.com/@fernandocomet/ux-canvas-compilation-6718822d9a22",
        "imagedesktop": "https://www.fernandocomet.com/img/desktopjpg/uxcanvascompilation.jpg",
        "imagemobile": "https://www.fernandocomet.com/img/mobile/uxcanvascompilation.png",
        "category": "uxdesigner",
        "id": "9"
      },  
      {
        "title": "The Player Persona template",
        "description": "User Persona template for gamification projects.",
        "description2": "I remember every people going crazy with gamification, just trends...",
        "thanksto": "Thanks to Interaction Design Foundation articles about the topic.",
        "icon": "fas fa-gamepad",
        "monster": "https://www.fernandocomet.com/img/monsters/monster10.svg",
        "pic": "https://www.fernandocomet.com/img/cardsjpg/player.jpg",
        "unsplash": "https://source.unsplash.com/1600x900/?player",
        "url": "https://medium.com/@fernandocomet/the-player-persona-template-d171e3e0c05d",
        "imagedesktop": "https://www.fernandocomet.com/img/desktopjpg/playerpersona.jpg",
        "imagemobile": "https://www.fernandocomet.com/img/mobile/playerpersona.png",
        "category": "uxdesigner",
        "id": "10"
      },  
      {
        "title": "Design Sprint as facilitator",
        "description": "Best recommendations and resources from experts to run a Design Sprint as facilitator.",
        "description2": "I think they are about to launch mini-mini-sprint, it lasts three hours!",
        "thanksto": "Mr. Jake Knapp, nice book!",
        "icon": "fas fa-praying-hands",
        "monster": "https://www.fernandocomet.com/img/monsters/monster11.svg",
        "pic": "https://www.fernandocomet.com/img/cardsjpg/workshop.jpg",
        "unsplash": "https://source.unsplash.com/1600x900/?workshop",
        "url": "https://blog.prototypr.io/design-sprint-as-facilitator-definitive-guide-84c0294f3f18",
        "imagedesktop": "https://www.fernandocomet.com/img/desktopjpg/sprint.jpg",
        "imagemobile": "https://www.fernandocomet.com/img/mobile/sprint.png",
        "category": "uxdesigner",
        "id": "11"
      },  
      {
        "title": "My UX resource list",
        "description": "Compilation of best tools and resources for UX.",
        "description2": "Should I make a Github/Notion for all this?",
        "thanksto": "Almost 50% of the list I got them from Ironhack.",
        "icon": "fas fa-list-ul",
        "monster": "https://www.fernandocomet.com/img/monsters/monster12.svg",
        "pic": "https://www.fernandocomet.com/img/cardsjpg/list.jpg",
        "unsplash": "https://source.unsplash.com/1600x900/?list",
        "url": "https://blog.prototypr.io/my-ux-resource-list-96ab9e36ac24",
        "imagedesktop": "https://www.fernandocomet.com/img/desktopjpg/myuxresourcelist.jpg",
        "imagemobile": "https://www.fernandocomet.com/img/mobile/myuxresourcelist.png",
        "category": "uxdesigner",
        "id": "12"
      },  
      {
        "title": "Voice User Interface Insights",
        "description": "Research and Insights for VUI from the big ones in this field.",
        "description2": "Listening to what these girls tell us (Siri, Alexa, Cortana, etc.)",
        "thanksto": "Thanks to Prototypr, UXPlanet and PlanetaChatbot publishing my articles at Medium.",
        "icon": "fas fa-microphone",
        "monster": "https://www.fernandocomet.com/img/monsters/monster13.svg",
        "pic": "https://www.fernandocomet.com/img/cardsjpg/voice.jpg",
        "unsplash": "https://source.unsplash.com/1600x900/?voice",
        "url": "https://blog.prototypr.io/voice-user-interface-insights-686fe441e425",
        "imagedesktop": "https://www.fernandocomet.com/img/desktopjpg/vuiinsights.jpg",
        "imagemobile": "https://www.fernandocomet.com/img/mobile/vuiinsights.png",
        "category": "uxdesigner",
        "id": "13"
      },   
      {
        "title": "The Category Ideation Method",
        "description": "A method to focus your UX Research, an ideation exercise based on collaboration and topics.",
        "description2": "A way to group ideas by topics, categories or trends.",
        "thanksto": "Thanks to my fellow teachers at Ironhack: Olaia, Inés, Laura and Pablo.",
        "icon": "far fa-lightbulb",
        "monster": "https://www.fernandocomet.com/img/monsters/monster14.svg",
        "pic": "https://www.fernandocomet.com/img/cardsjpg/idea.jpg",
        "unsplash": "https://source.unsplash.com/1600x900/?idea",
        "url": "https://blog.prototypr.io/the-category-ideation-method-804cd5622974",
        "imagedesktop": "https://www.fernandocomet.com/img/desktopjpg/categoryideation.jpg",
        "imagemobile": "https://www.fernandocomet.com/img/mobile/categoryideation.png",
        "category": "uxdesigner",
        "id": "14"
      },  
      {
        "title": "UX Ads and Google Chrome Ad Crackdown",
        "description": "A study on UX for Ads from the point of view of main actors: NNGroup, iab and Coalition for better Ads.",
        "description2": "Yeah, after 15 years at online Advertising finally I am using and AdBlocker.",
        "thanksto": "Thanks to NNGroup for opening my eyes and get my out of the Matrix.",
        "icon": "fas fa-ad",
        "monster": "https://www.fernandocomet.com/img/monsters/monster15.svg",
        "pic": "https://www.fernandocomet.com/img/cardsjpg/bees.jpg",
        "unsplash": "https://source.unsplash.com/1600x900/?ads",
        "url": "https://medium.com/@fernandocomet/ux-ads-and-google-chrome-ad-crackdown-df7d24b4e913",
        "imagedesktop": "https://www.fernandocomet.com/img/desktopjpg/adcrackdown.jpg",
        "imagemobile": "https://www.fernandocomet.com/img/mobile/adcrackdown.png",
        "category": "uxdesigner",
        "id": "15"
      },   
      {
        "title": "Trello Customer Journey Extension",
        "description": "A Google Chrome extension to make Customer Journeys at Trello.",
        "description2": "The Trello boys are doing a great job, I hope they don't screw it up in Altassian.",
        "thanksto": "Thanks to Blueprint for Trello, from Michael Schofield for inspiration.",
        "icon": "fas fa-route",
        "monster": "https://www.fernandocomet.com/img/monsters/monster16.svg",
        "pic": "https://www.fernandocomet.com/img/cardsjpg/journey.jpg",
        "unsplash": "https://source.unsplash.com/1600x900/?journey",
        "url": "https://blog.prototypr.io/trello-customer-journey-extension-17757a961c67",
        "imagedesktop": "https://www.fernandocomet.com/img/desktopjpg/trellocustomerjourney.jpg",
        "imagemobile": "https://www.fernandocomet.com/img/mobile/trellocustomerjourney.png",
        "category": "uxdesigner",
        "id": "16"
      },   
      {
        "title": "IFEMA FITUR Ad Case Study",
        "description": "Making off of the international FITUR campaign at Making Science for IFEMA.",
        "description2": "This is how to do 1000 Ads in record time.",
        "thanksto": "Thanks to Ani, Elsa, Raquel, María, Sara, Elena and all IFEMA team at Making Science.",
        "icon": "fas fa-suitcase",
        "monster": "https://www.fernandocomet.com/img/monsters/monster17.svg",
        "pic": "https://www.fernandocomet.com/img/cardsjpg/tourist.jpg",
        "unsplash": "https://source.unsplash.com/1600x900/?tourist",
        "url": "https://medium.com/@fernandocomet/ifema-fitur-ad-case-study-ef2fc3482f0a",
        "imagedesktop": "https://www.fernandocomet.com/img/desktopjpg/ifemafitur.jpg",
        "imagemobile": "https://www.fernandocomet.com/img/mobile/ifemafitur.png",
        "category": "animator"
      },     
      {
        "title": "UI Design Animation Process",
        "description": "A process building a simple animation from Scratch.",
        "description2": "I´ve been moving from Flash to GSAP, Framer, SVG, CSS, it´s just about moving boxes!",
        "thanksto": "Thanks to all pupils from Ironhack PartTime UX 17/18 modeling here as cartoons.",
        "icon": "fas fa-theater-masks",
        "monster": "https://www.fernandocomet.com/img/monsters/monster18.svg",
        "pic": "https://www.fernandocomet.com/img/cardsjpg/process.jpg",
        "unsplash": "https://source.unsplash.com/1600x900/?process",
        "url": "https://medium.com/@fernandocomet/ui-design-animation-process-13953d2bd215",
        "imagedesktop": "https://www.fernandocomet.com/img/desktopjpg/uianimation.jpg",
        "imagemobile": "https://www.fernandocomet.com/img/mobile/uianimation.png",
        "category": "animator",
        "id": "17"
      },   
      {
        "title": "UOC DCO Case Study",
        "description": "Building a DCO from Scratch.",
        "description2": "This is about CRO meeting Cookies while seeing Ads, all parsed with JSON.",
        "thanksto": "Thanks to boys from Weborama, Carat and UOC.",
        "icon": "fas fa-graduation-cap",
        "monster": "https://www.fernandocomet.com/img/monsters/monster19.svg",
        "pic": "https://www.fernandocomet.com/img/cardsjpg/study.jpg",
        "unsplash": "https://source.unsplash.com/1600x900/?study",
        "url": "https://medium.com/@fernandocomet/uoc-dco-case-study-893e1cb27a2c",
        "imagedesktop": "https://www.fernandocomet.com/img/desktopjpg/uoc.jpg",
        "imagemobile": "https://www.fernandocomet.com/img/mobile/uoc.png",
        "category": "animator",
        "id": "18"
      },      
      {
        "title": "Awards",
        "description": "Images taken at different places. Usually open spaces with big angles: street, beaches, architectonic sites, etc.",
        "description2": "Life is about pics, specially mine.",
        "thanksto": "Thanks to National Geographic, FWAPhoto, Berlin Eurostars and Canon for the awards.",
        "icon": "fas fa-medal",
        "monster": "https://www.fernandocomet.com/img/monsters/monster20.svg",
        "pic": "https://www.fernandocomet.com/img/cardsjpg/photographer.jpg",
        "unsplash": "https://source.unsplash.com/1600x900/?photographer",
        "url": "http://www.fernandocomet.com/prices/awards/superluna-y-supergaviota/",
        "imagedesktop": "https://www.fernandocomet.com/img/desktopjpg/puntapaloma.jpg",
        "imagemobile": "https://www.fernandocomet.com/img/mobile/puntapaloma.png",
        "category": "photographer",
        "id": "19"
      },     
      {
        "title": "Travel Photographer",
        "description": "Four days in London.",
        "description2": "Netherlands, Berlin, London, Morocco, Philippines, NY, Mexico, Colombia, let´s make it bigger!",
        "thanksto": "Thanks to Adri, Lula, Lotte, Esperanza and Pablo for their hospitality.",
        "icon": "fas fa-plane",
        "monster": "https://www.fernandocomet.com/img/monsters/monster21.svg",
        "pic": "https://www.fernandocomet.com/img/cardsjpg/travel.jpg",
        "unsplash": "https://source.unsplash.com/1600x900/?travel",
        "url": "http://www.fernandocomet.com/prices/archiitecture/four-days-in-london/",
        "imagedesktop": "https://www.fernandocomet.com/img/desktopjpg/london.jpg",
        "imagemobile": "https://www.fernandocomet.com/img/mobile/london.png",
        "category": "photographer",
        "id": "20"
      },   
      {
        "title": "Stock Photo Contributor",
        "description": "I´m selling at Shutterstock, GettyInages and DreamsTime.",
        "description2": "Landscape, Travel, Street, Nature, Models, Events. Using a EOS 5D Mark III and Samsung S9.",
        "thanksto": "Thanks to models Andrea, Tere, Naid, Jara and Fermin, and Diego for the steel wool.",
        "icon": "fas fa-camera",
        "monster": "https://www.fernandocomet.com/img/monsters/monster22.svg",
        "pic": "https://www.fernandocomet.com/img/cardsjpg/camera.jpg",
        "unsplash": "https://source.unsplash.com/1600x900/?camera",
        "url": "https://www.shutterstock.com/g/fernandocomet",
        "imagedesktop": "https://www.fernandocomet.com/img/desktopjpg/stockphoto.jpg",
        "imagemobile": "https://www.fernandocomet.com/img/mobile/stockphoto.png",
        "category": "photographer",
        "id": "22"
      },  
      {
        "title": "Instagram profile",
        "description": "@fernandocomet is a traveller and searcher.",
        "description2": "I have currently switched to TikTok ;D",
        "thanksto": "Thanks to WorkshopExperience for teaching me how to shoot.",
        "icon": "fas fa-camera-retro",
        "monster": "https://www.fernandocomet.com/img/monsters/monster23.svg",
        "pic": "https://www.fernandocomet.com/img/cardsjpg/hipsters.jpg",
        "unsplash": "https://source.unsplash.com/1600x900/?hipsters",
        "url": "https://www.instagram.com/fernandocomet/",
        "imagedesktop": "https://www.fernandocomet.com/img/desktopjpg/ig.jpg",
        "imagemobile": "https://www.fernandocomet.com/img/mobile/ig.png",
        "category": "photographer",
        "id": "23"
      },    
      {
        "title": "Personal Projects",
        "description": "Secret Life of a Photographer is an experimental series that shows everything a photographer does in just fifty square meters.",
        "description2": "Yeah, that pic is in da house! Should I have my hair long again!",
        "thanksto": "Thanks to Slitvana, the ucranian girl coming to clean my house from time to time.",
        "icon": "fas fa-user-secret",
        "monster": "https://www.fernandocomet.com/img/monsters/monster24.svg",
        "pic": "https://www.fernandocomet.com/img/cardsjpg/conceptual.jpg",
        "unsplash": "https://source.unsplash.com/1600x900/?conceptual",
        "url": "http://www.fernandocomet.com/prices/uncategorized/secret-life-of-a-photographer/",
        "imagedesktop": "https://www.fernandocomet.com/img/desktopjpg/personalprojects.jpg",
        "imagemobile": "https://www.fernandocomet.com/img/mobile/personalprojects.png",
        "category": "photographer",
        "id": "24"
      },
      {
        "title": "Portfolio Website",
        "description": "A JSON React web App. Actually this is what you are seeing now ;D.",
        "description2": "Currently this is the project where you the User are ;D",
        "thanksto": "Thanks Gabriel Guerrero, aka Kolision Studio for the logo (my logo!) You will have eternal beers for this.",
        "icon": "fas fa-spider",
        "monster": "https://www.fernandocomet.com/img/monsters/monster4.svg",
        "pic": "https://www.fernandocomet.com/img/cardsjpg/portfolio.jpg",
        "unsplash": "https://source.unsplash.com/1600x900/?portfolio",
        "url": "https://github.com/fernandocomet/website",                
        "imagedesktop": "https://www.fernandocomet.com/img/desktopjpg/fc.jpg",
        "imagemobile": "https://www.fernandocomet.com/img/mobile/fc.png",
        "category": "programming",
        "id": "4"
      }       
]




